,Keyword
0,meteorology
1,periodic table
2,weather forecasting
3,earthquakes
4,stars
5,hurricanes
6,phycology
7,galaxies
8,global positioning system
9,viruses
10,schizophrenia
11,tornadoes
12,big bang theory
13,parasites
14,solar system
15,mass spectrometry
16,psychiatry
17,tsunamis
18,evolution
19,planets
20,mechanics
21,fossils
22,proton
23,ct scans
24,deep brain stimulation
25,parkinsons disease
26,comets
27,forestry
28,gastroenterology
29,pulsars
30,multiple sclerosis
31,urology
32,neurology
33,vitamins
34,habitat
35,big bang
36,optometry
37,electronics
38,black holes
39,endocrinology
40,mri
41,lasers
42,linear programming
43,physics
44,magnetic resonance imaging
45,supernova
46,supernovae
47,memory
48,computed tomography
49,fusion
50,mitosis
51,geographic information systems
52,dark matter
53,nebulae
54,radiology
55,antibiotics
56,antivirals
57,satellites
58,oncology
59,el nino
60,elisa
61,botany
62,pathology
63,gis
64,law
65,chemistry
66,statics
67,statistics
68,magnetism
69,measurement
70,fungi
71,microscopy
72,coronal mass ejections
73,algebra
74,geometry
75,alzheimers disease
76,anatomy
77,nephrology
78,global warming
79,asteroids
80,rheumatology
81,biology
82,cardiology
83,pet scans
84,pcr
85,cern
86,photosynthesis
87,mathematics
88,theory
89,psychophysics
90,genes
91,momentum
92,transistors
93,algorithm
94,ultrasound
95,algorithms
96,alloys
97,universe
98,altruism
99,vaccination
100,vaccines
101,water cycle
102,dentistry
103,homeostasis
104,sampling
105,observation
106,dynamics
107,ohms law
108,science museums
109,ecosystems
110,sociology
111,software engineering
112,catalysis
113,chlorophyll
114,physiology
115,civil engineering
116,plastics
117,pollution
118,mechanical engineering
119,surveying
120,pressure
121,symbiosis
122,meiosis
123,telescope
124,computer science
125,pulmonology
126,trigonometry
127,air pollution
128,quarks
129,reflection
130,neurons
131,greenhouse gases
132,replication
133,halflife
134,astronomy
135,hematology
136,hormones
137,hypothesis
138,ecosystem
139,electron
140,calculus
141,entropy
142,ceramics
143,enzymes
144,equilibrium
145,chromosomes
146,logic
147,mammals
148,extinction
149,surgery
150,metabolism
151,frequency
152,metastasis
153,terraforming
154,minerals
155,aeronautical engineering
156,aerospace engineering
157,quasars
158,anesthesiology
159,glycolysis
160,archaeology
161,water pollution
162,holography
163,horticulture
164,hydraulics
165,semiconductors
166,pediatrics
167,solar flares
168,perception
169,kinesiology
170,krebs cycle
171,la nina
172,rna
173,erosion
174,circadian rhythms
175,experiment
176,experimentation
177,food chain
178,prions
179,probability
180,acoustics
181,transcription
182,mutation
183,geology
184,radiation
185,amplitude
186,geriatrics
187,good manufacturing practices
188,antioxidants
189,anxiety disorders
190,demography
191,wavelength
192,biochemistry
193,operating systems
194,ideal gas law
195,elasticity
196,electrical engineering
197,information technology
198,interference
199,isotopes
200,sonar
201,event horizon
202,stem cells
203,cloning
204,cognitive behavioral therapy
205,fermentation
206,polymers
207,taxonomy
208,programming
209,fractals
210,microbial fuel cells
211,microbiology
212,topography
213,genetics
214,multiverse
215,turbulence
216,apoptosis
217,greenhouse effect
218,nitrogen cycle
219,wind turbines
220,zoology
221,batteries
222,hydroponics
223,immunotherapy
224,bioluminescence
225,biome
226,biomedical engineering
227,paleontology
228,social networks
229,solar energy
230,entomology
231,kinetics
232,landslides
233,space weather
234,epigenetics
235,photons
236,evaporation
237,forensic science
238,fossil fuels
239,thermodynamics
240,time travel
241,topology
242,acid rain
243,actuators
244,criminology
245,crispr
246,alleles
247,radioactivity
248,antimatter
249,graphene
250,neutron
251,nootropics
252,wormholes
253,disaster management
254,atomic force microscopy
255,autophagy
256,schrodingers cat
257,scientific method
258,sedimentary rocks
259,optics
260,igneous rocks
261,immune system
262,organic chemistry
263,electromagnetism
264,electron configuration
265,electronegativity
266,integrated pest management
267,international space station
268,carbon cycle
269,cell cycle
270,cell respiration
271,cellular respiration
272,pharmacology
273,chemical engineering
274,chromatography
275,linguistics
276,placebo effect
277,combustion
278,food web
279,prion diseases
280,food webs
281,composites
282,computational fluid dynamics
283,prosthetics
284,transpiration
285,natural selection
286,data structures
287,antibodies
288,redox reactions
289,refraction
290,neuroscience
291,neurotransmitters
292,astrophysics
293,heisenberg uncertainty principle
294,dna replication
295,human evolution
296,hybridization
297,industrial engineering
298,singularity
299,kirchhoffs laws
300,solubility
301,permafrost
302,linear algebra
303,stoichiometry
304,string theory
305,structural engineering
306,supercomputing
307,support vector machines
308,fishery science
309,commensalism
310,systematics
311,metamorphic rocks
312,fuel cells
313,microbiome
314,aging
315,cryogenics
316,quantum mechanics
317,gerontology
318,decision trees
319,reinforcement learning
320,neuroplasticity
321,neuropsychology
322,neutrino
323,neutrinos
324,weather satellites
325,differential equations
326,nuclear fusion
327,nuclear magnetic resonance
328,discrete mathematics
329,histology
330,rock cycle
331,ballistics
332,immunology
333,infectious diseases
334,ornithology
335,ozone layer
336,electron microscopy
337,social determinants of health
338,crisprcas9
339,enthalpy
340,cartography
341,laplace transform
342,environmental science
343,sports medicine
344,marine biology
345,fiber optics
346,surfactants
347,colloids
348,fourier transform
349,protein synthesis
350,microprocessors
351,gausss law
352,genetic engineering
353,monoclonal antibodies
354,quantum entanglement
355,agronomy
356,cytology
357,anthropocene
358,valence electrons
359,neutron stars
360,dietary supplements
361,newtons laws
362,diffraction
363,reynolds number
364,heat exchangers
365,nuclear energy
366,higgs boson
367,hybrid vehicles
368,operations management
369,senescence
370,electron transport chain
371,electrophoresis
372,embedded systems
373,soil erosion
374,calvin cycle
375,laminar flow
376,space stations
377,pharmacokinetics
378,chaos theory
379,chemical bonding
380,chemical bonds
381,chemical reactions
382,exoskeletons
383,fermi paradox
384,maxwells equations
385,flow cytometry
386,mechatronics
387,telomeres
388,meteoroids
389,publication
390,constructivism
391,gel electrophoresis
392,aerodynamics
393,genetic drift
394,mutualism
395,crystallization
396,mycology
397,angiogenesis
398,random forests
399,redshift
400,aquaculture
401,water treatment
402,nuclear fission
403,nuclear medicine
404,ocean currents
405,educational psychology
406,oxidative stress
407,ozone depletion
408,particle accelerator
409,empiricism
410,doubleslit experiment
411,invasive species
412,pauli exclusion principle
413,solar cells
414,james webb space telescope
415,kinematics
416,kmeans clustering
417,environmental engineering
418,kuiper belt
419,spectroscopy
420,phylogenetic trees
421,phylogenetics
422,exoplanets
423,plate tectonics
424,mars rover
425,superposition
426,synapses
427,principal component analysis
428,metaanalysis
429,tectonics
430,metallurgy
431,abiogenesis
432,toxicology
433,molecular biology
434,quantum chromodynamics
435,transhumanism
436,aeronautics
437,trophic levels
438,turing machines
439,unfolded protein response
440,virology
441,desertification
442,nuclear reactions
443,dosimetry
444,oceanography
445,one health
446,oort cloud
447,hydrology
448,bioengineering
449,serology
450,biomechanics
451,seti
452,panspermia
453,embryology
454,ionization energy
455,carbon capture
456,petroleum engineering
457,space telescopes
458,photovoltaics
459,light pollution
460,superconductivity
461,cognitive psychology
462,fission
463,free radicals
464,fullerenes
465,tidal energy
466,time dilation
467,construction management
468,tokamak
469,continental drift
470,cosmic rays
471,cybernetics
472,nash equilibrium
473,radiocarbon dating
474,raman spectroscopy
475,randomized controlled trials
476,antibiotic resistance
477,antimicrobial resistance
478,relativity
479,heat transfer
480,herpetology
481,distillation
482,zoonotic diseases
483,dna fingerprinting
484,beta decay
485,oncogenes
486,operations research
487,infrared spectroscopy
488,inorganic chemistry
489,bioremediation
490,emergence
491,social psychology
492,cancer research
493,carbon dating
494,jet engines
495,keplers laws
496,kalman filters
497,environmental health
498,pharmacodynamics
499,large hadron collider
500,speciation
501,exercise physiology
502,supercapacitors
503,supervised learning
504,surgical robotics
505,medical imaging
506,confocal microscopy
507,fuzzy logic
508,mineral resources
509,coral bleaching
510,genetic algorithms
511,genetic counseling
512,agroforestry
513,geoengineering
514,radiation therapy
515,geotechnical engineering
516,analytical chemistry
517,rationalism
518,neuromodulation
519,developmental psychology
520,xray crystallography
521,xray diffraction
522,distributed systems
523,rocket science
524,dna sequencing
525,ocean acidification
526,earth science
527,binomial nomenclature
528,ecological succession
529,sea level rise
530,optical fibers
531,biogeochemical cycles
532,biogeochemistry
533,biomass energy
534,electrochemistry
535,biomimicry
536,instrumentation
537,bosons
538,evidencebased practice
539,ionosphere
540,keystone species
541,carbon sequestration
542,carrying capacity
543,cell biology
544,vectorborne diseases
545,spectral analysis
546,plant hormones
547,polymerase chain reaction
548,colligative properties
549,power electronics
550,fluid mechanics
551,food science
552,systematic reviews
553,telomerase
554,theoretical physics
555,gemology
556,gene expression
557,quantum dots
558,muon
559,nanomaterials
560,geomorphology
561,nanoparticles
562,unsupervised learning
563,dark energy
564,neurodegenerative diseases
565,graph theory
566,decoherence
567,green chemistry
568,digital forensics
569,hierarchical clustering
570,number theory
571,dna methylation
572,hubble space telescope
573,human genetics
574,ecological footprint
575,biodiversity hotspots
576,bioethics
577,seismology
578,biomarkers
579,set theory
580,biophysics
581,bioreactors
582,biosensors
583,brain imaging
584,brain mapping
585,endoflife care
586,carbon nanotubes
587,nextgeneration sequencing
588,petrochemicals
589,petrochemistry
590,cell signaling
591,spacetime
592,uvvis spectroscopy
593,chemical kinetics
594,leptons
595,sports science
596,life cycle analysis
597,standard model
598,ethology
599,physical chemistry
600,plasmonics
601,failure modes and effects analysis
602,material science
603,cognitive science
604,process engineering
605,metabolic disorders
606,micrornas
607,control systems
608,mining engineering
609,genome editing
610,agricultural science
611,allosteric regulation
612,radioactive decay
613,antibiotic stewardship
614,regenerative medicine
615,wave energy
616,nuclear engineering
617,hubbles law
618,hydroelectric power
619,ichthyology
620,biomaterials
621,parasitology
622,environmental management
623,laser technology
624,photonics
625,evolutionary psychology
626,subduction zones
627,plasticity
628,medical physics
629,medicinal chemistry
630,mendelian genetics
631,composite materials
632,psychopharmacology
633,gamma radiation
634,general relativity
635,adverse drug reactions
636,transcription factors
637,cosmic microwave background
638,genetically modified organisms
639,cosmology
640,morphogenesis
641,cryosphere
642,geodesy
643,cultural anthropology
644,cytogenetics
645,gluons
646,neurobiology
647,database systems
648,gravitational waves
649,warp drives
650,dendrochronology
651,hawking radiation
652,astrobiology
653,digital signal processing
654,xray imaging
655,nuclear physics
656,behavioral science
657,binary stars
658,hydrothermal vents
659,biogeography
660,biomimetics
661,interdisciplinary studies
662,bioterrorism
663,interferometry
664,soil conservation
665,cell differentiation
666,environmental justice
667,waveparticle duality
668,spintronics
669,phytoremediation
670,stochastic processes
671,stratigraphy
672,climatology
673,expert systems
674,clinical pharmacology
675,fermions
676,fieldwork
677,precision medicine
678,systems biology
679,metabolomics
680,geomatics
681,radioisotopes
682,radiometric dating
683,neuromorphic computing
684,rna interference
685,holism
686,drake equation
687,semantic web
688,outreach programs
689,biosecurity
690,sociolinguistics
691,evidencebased medicine
692,soil fertility
693,space debris
694,environmental law
695,space science
696,pharmacogenomics
697,ethnobotany
698,statistical process control
699,evolutionary biology
700,lunar missions
701,plant physiology
702,manufacturing processes
703,extremophiles
704,falsifiability
705,precision agriculture
706,medical ethics
707,computational biology
708,metabolic pathways
709,metagenomics
710,metamaterials
711,text mining
712,fusion energy
713,thermochemistry
714,microfluidics
715,control theory
716,quantum field theory
717,agroecology
718,crystallography
719,ultrasound imaging
720,anthropic principle
721,gravitational lensing
722,virtual laboratories
723,habitat destruction
724,newtonian mechanics
725,health policy
726,distributed computing
727,numerical analysis
728,numerical methods
729,ecodesign
730,hydrodynamics
731,sea ice
732,optogenetics
733,industrial hygiene
734,origin of life
735,information theory
736,shors algorithm
737,signal processing
738,signal transduction
739,biostatistics
740,particle physics
741,space tourism
742,special relativity
743,philosophy of science
744,limnology
745,classical mechanics
746,superbugs
747,coevolution
748,supersymmetry
749,cognitive neuroscience
750,complex analysis
751,fourier analysis
752,protein folding
753,psychoneuroimmunology
754,microelectronics
755,thin films
756,conservation biology
757,tissue engineering
758,mineralogy
759,quantum cryptography
760,transcriptomics
761,quantum gravity
762,nanomedicine
763,veterinary medicine
764,veterinary science
765,grid computing
766,developmental biology
767,wireless communication
768,xrays
769,dna profiling
770,scientific communication
771,hydrogeology
772,second messengers
773,information retrieval
774,electroencephalography
775,smart materials
776,parallel computing
777,social network analysis
778,soil science
779,environmental chemistry
780,environmental economics
781,laboratory safety
782,cellular automata
783,petrology
784,light reactions
785,statistical mechanics
786,linguistic anthropology
787,statistical thermodynamics
788,long noncoding rnas
789,experimental psychology
790,magnetosphere
791,extraterrestrial life
792,superfluidity
793,clustering algorithms
794,polymer chemistry
795,primatology
796,synaptic transmission
797,memristors
798,gaia hypothesis
799,quantum chemistry
800,aerobiology
801,cosmic inflation
802,molecular genetics
803,quantum decoherence
804,molecular modeling
805,mtheory
806,altmetrics
807,geophysics
808,reaction mechanisms
809,decision theory
810,habitat fragmentation
811,disaster risk reduction
812,nutrigenomics
813,safety engineering
814,nutrition science
815,human ecology
816,drug discovery
817,ecological modeling
818,open science
819,optoelectronics
820,inflation theory
821,emergent properties
822,patent law
823,energy economics
824,solar thermal energy
825,nutritional science
826,space missions
827,enzyme kinetics
828,photochemistry
829,chemical physics
830,logical positivism
831,cladistics
832,feedback inhibition
833,population ecology
834,population genetics
835,medical anthropology
836,community ecology
837,comparative anatomy
838,process control
839,fossil record
840,computational neuroscience
841,condensed matter physics
842,3d bioprinting
843,crop science
844,quantum teleportation
845,radiation protection
846,natural capital
847,radiochemistry
848,grant writing
849,habitable zone
850,asteroid mining
851,reproductive biology
852,history of science
853,human factors engineering
854,biocomputing
855,sequence alignment
856,bioplastics
857,paleomagnetism
858,solid state physics
859,labonachip
860,stellarators
861,chemical biology
862,length contraction
863,structural biology
864,population dynamics
865,communication satellites
866,synaptic plasticity
867,compression algorithms
868,computational chemistry
869,fractal geometry
870,functional foods
871,proteostasis
872,functional mri
873,quantum biology
874,quantum sensors
875,geomagnetism
876,glaciology
877,neural engineering
878,grand unified theory
879,decision science
880,neuroimaging
881,grovers algorithm
882,wildlife management
883,atomic physics
884,behavioral genetics
885,drug delivery systems
886,bibliometrics
887,science education
888,hydraulic fracturing
889,ecological economics
890,ice cores
891,optical computing
892,paleoclimatology
893,integer programming
894,energy policy
895,energy security
896,peace studies
897,kin selection
898,space colonization
899,space law
900,philosophy of mind
901,physical anthropology
902,population biology
903,swarm intelligence
904,complex systems
905,computational physics
906,methane hydrates
907,copenhagen interpretation
908,quantum electrodynamics
909,genomic medicine
910,quantum key distribution
911,quantum supremacy
912,nanobiotechnology
913,cultural evolution
914,data compression
915,animal behavior
916,network theory
917,vibration analysis
918,neuropharmacology
919,reliability engineering
920,nonlinear dynamics
921,astrometry
922,astronautics
923,dna computing
924,rocket propulsion
925,dna damage
926,safety protocols
927,scientometrics
928,bioelectronics
929,ecosystem ecology
930,ecotoxicology
931,orbital mechanics
932,sociobiology
933,interstellar travel
934,cancer biology
935,environmental microbiology
936,phase transitions
937,learning analytics
938,chemical safety
939,chronobiology
940,evolutionary algorithms
941,piping systems
942,loop quantum gravity
943,exobiology
944,climate adaptation
945,planetary science
946,structural geology
947,cognitive computing
948,mass transfer
949,swarm robotics
950,propulsion systems
951,microbial ecology
952,quantum algorithms
953,quantum hall effect
954,quantum optics
955,radiation physics
956,geospatial analysis
957,radio astronomy
958,urban ecology
959,artificial organs
960,hazard analysis
961,atmospheric science
962,rna world hypothesis
963,observational astronomy
964,scientific literacy
965,sleep science
966,evodevo
967,ensemble methods
968,selforganization
969,landscape ecology
970,photonic crystals
971,manyworlds interpretation
972,marine conservation
973,mars exploration
974,collective intelligence
975,fisheries science
976,fluidization
977,medical genetics
978,synthetic chemistry
979,computational complexity
980,computational modeling
981,computational social science
982,protein engineering
983,topological insulators
984,quantum annealing
985,neuroeconomics
986,astrochemistry
987,dietary guidelines
988,reservoir engineering
989,numerical weather prediction
990,behavioral ecology
991,earth observation
992,hydrogen economy
993,scientific misconduct
994,scientific publishing
995,biodegradation
996,sedimentology
997,paleobiology
998,biophotonics
999,enhanced oil recovery
1000,peer review process
1001,selfassembly
1002,phase equilibria
1003,chemical synthesis
1004,statistical physics
1005,lipidomics
1006,lyapunov exponents
1007,polymer science
1008,supramolecular chemistry
1009,combinatorial chemistry
1010,process safety
1011,process simulation
1012,fracture mechanics
1013,theoretical chemistry
1014,thermal analysis
1015,microlensing
1016,galaxy formation
1017,public health policy
1018,minimally invasive surgery
1019,quantum information
1020,network science
1021,neuroprosthetics
1022,astrodynamics
1023,risk communication
1024,high energy physics
1025,earth system science
1026,paleoecology
1027,environmental dna
1028,petroleum geology
1029,stable isotopes
1030,cheminformatics
1031,comparative psychology
1032,metabolic engineering
1033,public engagement
1034,transportation science
1035,geochronology
1036,vaccination programs
1037,artificial life
1038,research funding
1039,satellite technology
1040,science journalism
1041,econophysics
1042,interdisciplinary research
1043,metalloproteins
1044,celestial mechanics
1045,chemical evolution
1046,ethics in science
1047,physical oceanography
1048,evolutionary computation
1049,plasma physics
1050,fingerprint analysis
1051,colloid chemistry
1052,complexity science
1053,thermoelectric materials
1054,molecular evolution
1055,nanofabrication
1056,dairy science
1057,data fabrication
1058,vaccine development
1059,vaccinology
1060,neuroinformatics
1061,open access publishing
1062,ore deposits
1063,internet governance
1064,solar physics
1065,percolation theory
1066,lunar exploration
1067,connectomics
1068,conservation ecology
1069,convergence science
1070,crop monitoring
1071,radiobiology
1072,neuroethics
1073,water resources engineering
1074,renewable energy integration
1075,diabetes research
1076,astrogeology
1077,ecophysiology
1078,sediment transport
1079,ecosystem management
1080,biological oceanography
1081,biomedical imaging
1082,pandemic preparedness
1083,space habitats
1084,phylogeography
1085,flight mechanics
1086,public understanding of science
1087,geoarchaeology
1088,glycomics
1089,reactor design
1090,archaeometry
1091,artificial consciousness
1092,science diplomacy
1093,science policy
1094,biomechatronics
1095,signal filtering
1096,highperformance computing
1097,stability analysis
1098,planetary atmospheres
1099,marine chemistry
1100,cloud physics
1101,surface science
1102,freshwater biology
1103,restoration ecology
1104,helioseismology
1105,diversity in science
1106,isotope analysis
1107,exposure assessment
1108,neuromorphic engineering
1109,planetary geology
1110,galactic astronomy
1111,developmental genetics
1112,interstellar medium
1113,pattern formation
1114,citizen engagement
1115,colloid science
1116,consciousness studies
1117,mineral identification
1118,geomicrobiology
1119,analog signal processing
1120,data falsification
1121,obesity research
1122,snow science
1123,highthroughput screening
1124,xray astronomy
1125,epidemic modeling
1126,physical biology
1127,citation analysis
1128,evolutionary developmental biology
1129,critical phenomena
1130,tumor biology
1131,dream research
1132,infrared astronomy
1133,astrostatistics
1134,prebiotic chemistry
1135,gravitational wave astronomy
1136,geochemistry
1137,tumor suppressors
1138,reproducibility
1139,bacteriology
1140,isotope geochemistry
1141,asteroid deflection
1142,neutrino astronomy
1143,space medicine
1144,sociophysics
1145,aerosol science
1146,astroinformatics
1147,augmented cognition
1148,observational cosmology
1149,bells theorem
1150,science advocacy
1151,computeraided design
1152,exoplanet detection
1153,ultraviolet astronomy
1154,separation processes
1155,enzymology
1156,cognitive robotics
1157,fluid dynamics
1158,braincomputer interface
1159,planetary probes
1160,bernoullis principle
1161,ice core analysis
1162,bioinformatics algorithms
1163,exogeology
1164,solar photovoltaics
1165,lunar science
1166,climate models
1167,mathematical modeling
1168,conservation genetics
1169,molecular computing
1170,volcanology
1171,mass extinctions
1172,surface chemistry
1173,atmospheric chemistry
1174,rna transcription
1175,seafloor spreading
1176,quantum tunneling
1177,industrialorganizational psychology
1178,patient confidentiality
1179,chemical thermodynamics
