Model,Organization,Global Average,Reasoning Average,Coding Average,Mathematics Average,Data Analysis Average,Language Average,IF Average
claude-3-7-sonnet-thinking,Anthropic,76.1,87.83,74.54,79,74.05,59.93,81.25
o3-mini-2025-01-31-high,OpenAI,75.88,89.58,82.74,77.29,70.64,50.68,84.36
o1-2024-12-17-high,OpenAI,75.67,91.58,69.69,80.32,65.47,65.39,81.55
grok-3-thinking,xAI,,-,67.38,-,-,-,-
qwq-32b,Alibaba,71.96,83.5,72.23,77.82,65.03,51.35,81.83
deepseek-r1,DeepSeek,71.57,83.17,66.74,80.71,69.78,48.53,80.51
o3-mini-2025-01-31-medium,OpenAI,70.01,86.33,65.38,72.37,66.56,46.26,83.16
gpt-4.5-preview,OpenAI,68.95,71.08,75.18,69.33,64.33,61.45,72.33
gemini-2.0-flash-thinking-exp-01-21,Google,66.92,78.17,53.49,75.85,69.37,42.18,82.47
claude-3-7-sonnet,Anthropic,65.56,66,67.49,63.26,63.37,56.76,76.49
gemini-2.0-pro-exp-02-05,Google,65.13,60.08,63.49,70.97,68.02,44.85,83.38
gemini-exp-1206,Google,64.09,57,63.41,72.36,63.16,51.29,77.34
o3-mini-2025-01-31-low,OpenAI,62.45,69.83,61.46,63.06,62.04,38.25,80.06
qwen2.5-max,Alibaba,62.29,51.42,64.41,58.35,67.93,56.28,75.35
gemini-2.0-flash,Google,61.47,55.25,53.92,65.62,67.55,40.69,85.79
deepseek-v3,DeepSeek,60.45,56.75,61.77,60.54,60.94,47.48,75.25
gemini-2.0-flash-exp,Google,59.26,59.08,54.36,60.39,61.67,38.22,81.86
claude-3-5-sonnet-20241022,Anthropic,59.03,56.67,67.13,52.28,55.03,53.76,69.3
grok-3,xAI,,66.92,54.28,-,-,51.33,-
chatgpt-4o-latest-2025-01-29,OpenAI,57.79,57.92,60.56,48.02,66,49.14,65.07
o1-mini-2024-09-12,OpenAI,57.76,72.33,48.05,61.99,57.92,40.89,65.4
step-2-16k-202411,StepFun,56.02,52.17,47.19,48.77,63.72,44.39,79.88
gpt-4o-2024-08-06,OpenAI,55.33,53.92,51.44,49.54,60.91,47.59,68.58
deepseek-r1-distill-llama-70b,DeepSeek,54.5,67.58,51.62,58.11,55.93,23.81,69.94
gemini-1.5-pro-002,Google,54.33,49.08,48.8,59.07,54.97,43.29,70.78
grok-2-1212,xAI,54.3,54.83,46.44,54.88,54.45,45.58,69.63
gemini-2.0-flash-lite,Google,54.29,44.92,47.08,58.09,65.45,33.6,76.63
gemini-2.0-flash-lite-preview-02-05,Google,53.24,50.08,43.8,55.54,57.47,34.28,78.28
dracarys2-72b-instruct,AbacusAI,52.64,47.38,58.92,54.66,55.51,34.12,65.22
meta-llama-3.1-405b-instruct-turbo,Meta,52.36,53.25,42.65,41.07,55.85,45.46,75.9
gpt-4o-2024-11-20,OpenAI,52.19,55.75,46.08,42.87,56.15,47.37,64.94
learnlm-1.5-pro-experimental,Google,52.19,43.42,46.87,57.75,54.97,41.98,68.16
chatgpt-4o-latest-0903,OpenAI,51.66,50.5,47.44,42.45,57.93,45.3,66.37
qwen2.5-72b-instruct-turbo,Alibaba,51.44,45.42,57.64,54.29,51.91,34.99,64.39
gpt-4-turbo-2024-04-09,OpenAI,50.4,50.92,49,43.02,54.36,44.26,60.85
llama-3.3-70b-instruct-turbo,Meta,50.16,50.75,36.59,42.24,49.49,39.2,82.67
grok-beta,xAI,49.18,37,45.15,45.84,54.27,43.16,69.62
claude-3-opus-20240229,Anthropic,49.16,40.58,38.59,43.62,57.89,50.39,63.89
mistral-large-2411,Mistral AI,48.43,43.5,47.08,42.55,50.15,39.39,67.93
qwen2.5-coder-32b-instruct,Alibaba,46.23,42.08,56.85,46.61,49.87,23.25,58.69
dracarys2-llama-3.1-70b-instruct,AbacusAI,46.21,44.67,36.31,40.3,53.98,38.78,63.24
deepseek-r1-distill-qwen-32b,DeepSeek,45.55,52.25,33.67,59.44,45.41,26.82,55.71
meta-llama-3.1-70b-instruct-turbo,Meta,44.89,43,33.49,34.72,53.75,35.42,68.98
amazon.nova-pro-v1:0,Amazon,43.53,32.58,38.15,38.04,48.31,36.96,67.13
claude-3-5-haiku-20241022,Anthropic,43.45,28.08,51.36,35.54,48.45,35.37,61.88
mistral-small-2501,Mistral AI,42.55,36.42,35.31,39.89,53.69,30.46,59.54
phi-4,Microsoft,41.61,47.83,30.67,41.98,45.17,25.61,58.38
gpt-4o-mini-2024-07-18,OpenAI,41.26,32.75,43.15,36.31,49.96,28.61,56.8
qwq-32b-preview,Alibaba,40.25,57.71,37.2,58.26,31.62,21.09,35.59
gemma-2-27b-it,Google,38.18,28.08,35.95,26.46,47.87,32.62,58.1
amazon.nova-lite-v1:0,Amazon,36.35,36.67,27.46,36.7,37.23,25.93,54.13
qwen2.5-7b-instruct-turbo,Alibaba,34.9,28.42,38.37,39.51,35.22,15.8,52.11
mistral-small-2409,Mistral AI,33.42,29.92,25.74,24.42,42.73,24.49,53.23
command-r-plus-08-2024,Cohere,31.76,24.75,19.14,21.27,38.06,29.73,57.61
amazon.nova-micro-v1:0,Amazon,29.59,25.08,20.18,34.49,33.95,15.78,48.04
gemma-2-9b-it,Google,28.66,15.17,22.46,19.8,36.39,25.53,52.62
command-r-08-2024,Cohere,27.48,21.92,17.9,19.39,33.34,16.72,55.62
command-r-plus-04-2024,Cohere,27.11,20.58,19.46,17.99,25.48,19.7,59.47
meta-llama-3.1-8b-instruct-turbo,Meta,25.97,13.33,18.74,18.31,32.82,17.71,54.9
phi-3-small-8k-instruct,Microsoft,24.03,15.92,20.26,17.58,30.29,12.94,47.2
phi-3-mini-128k-instruct,Microsoft,22.36,20.5,15.04,15.72,34.69,9.15,39.08
olmo-2-1124-13b-instruct,AllenAI,22.12,16.33,10.41,13.64,20.6,11.16,60.56
phi-3-mini-4k-instruct,Microsoft,22.08,26.83,15.54,14.96,30.21,8.56,
